image_size,batch_size,numpy_cpu_ms,pytorch_cpu_ms,pytorch_cuda_ms
256,1,5.147377649943034,4.125038782755534,0.5054950714111328
256,10,58.37384859720866,34.0876579284668,4.213476181030273
256,50,335.0883324940999,182.60566393534342,10.288715362548828
256,100,664.296547571818,363.3786042531331,19.989299774169922
512,1,25.162458419799805,13.590017954508463,1.7168998718261719
512,10,294.90383466084796,154.2487939198812,8.980226516723633
512,50,1439.6131833394368,764.4732793172201,39.51091766357422
512,100,2879.2072931925454,1508.4481239318848,81.41732215881348
